"","same_race","percent_decay"
"1",FALSE,0.611474584801208
"2",TRUE,0.557890855457227
